Job Title,Location,Required Skills,Industry,Company Name,Experience Level,Salary Range,Employment Type,Posting Date,Job Description Summary
Data Scientist,"Bangalore, India","Python, SQL, Machine Learning",Tech,IBM,Mid,6-12 LPA,Internship,2025-02-27 14:16:34.100898,We offer great career growth opportunities in a collaborative workspace.
Software Engineer,"Hyderabad, India","JavaScript, React, Node.js",IT,TCS,Entry,20+ LPA,Contract,2025-02-14 14:16:34.100934,Seeking an experienced candidate to drive key business initiatives.
Data Analyst,"Pune, India","Excel, SQL, Power BI",Finance,Accenture,Senior,6-12 LPA,Full-time,2025-02-01 14:16:34.100942,Exciting opportunity to work with cutting-edge technologies and solutions.
Machine Learning Engineer,"Chennai, India","Python, TensorFlow, Deep Learning",AI,Infosys,Senior,12-20 LPA,Internship,2025-03-02 14:16:34.100948,Join our team and work on innovative projects in a dynamic environment.
Full Stack Developer,"Mumbai, India","Java, Spring Boot, Microservices",Software,IBM,Mid,3-6 LPA,Full-time,2025-02-21 14:16:34.100954,Seeking an experienced candidate to drive key business initiatives.
Data Scientist,"Bangalore, India","Python, SQL, Machine Learning",Tech,Capgemini,Entry,20+ LPA,Contract,2025-02-06 14:16:34.100960,We offer great career growth opportunities in a collaborative workspace.
Software Engineer,"Hyderabad, India","JavaScript, React, Node.js",IT,Microsoft,Senior,3-6 LPA,Contract,2025-03-03 14:16:34.100966,Looking for a skilled professional with expertise in relevant technologies.
Data Analyst,"Pune, India","Excel, SQL, Power BI",Finance,IBM,Mid,3-6 LPA,Internship,2025-03-04 14:16:34.100972,We offer great career growth opportunities in a collaborative workspace.
Machine Learning Engineer,"Chennai, India","Python, TensorFlow, Deep Learning",AI,Accenture,Senior,12-20 LPA,Contract,2025-03-15 14:16:34.100979,Exciting opportunity to work with cutting-edge technologies and solutions.
Full Stack Developer,"Mumbai, India","Java, Spring Boot, Microservices",Software,Infosys,Senior,6-12 LPA,Full-time,2025-01-29 14:16:34.100985,We offer great career growth opportunities in a collaborative workspace.
Data Scientist,"Bangalore, India","Python, SQL, Machine Learning",Tech,TCS,Entry,6-12 LPA,Internship,2025-03-21 14:16:34.100991,Looking for a skilled professional with expertise in relevant technologies.
Software Engineer,"Hyderabad, India","JavaScript, React, Node.js",IT,Accenture,Senior,3-6 LPA,Full-time,2025-01-30 14:16:34.100996,Exciting opportunity to work with cutting-edge technologies and solutions.
Data Analyst,"Pune, India","Excel, SQL, Power BI",Finance,Accenture,Entry,20+ LPA,Full-time,2025-02-20 14:16:34.101002,We offer great career growth opportunities in a collaborative workspace.
Machine Learning Engineer,"Chennai, India","Python, TensorFlow, Deep Learning",AI,Microsoft,Senior,6-12 LPA,Contract,2025-02-11 14:16:34.101008,Exciting opportunity to work with cutting-edge technologies and solutions.
Full Stack Developer,"Mumbai, India","Java, Spring Boot, Microservices",Software,Wipro,Mid,20+ LPA,Contract,2025-03-08 14:16:34.101015,Join our team and work on innovative projects in a dynamic environment.
Data Scientist,"Bangalore, India","Python, SQL, Machine Learning",Tech,Infosys,Senior,6-12 LPA,Contract,2025-03-27 14:16:34.101021,Join our team and work on innovative projects in a dynamic environment.
Software Engineer,"Hyderabad, India","JavaScript, React, Node.js",IT,Amazon,Entry,20+ LPA,Contract,2025-03-20 14:16:34.101027,We offer great career growth opportunities in a collaborative workspace.
Data Analyst,"Pune, India","Excel, SQL, Power BI",Finance,Accenture,Entry,12-20 LPA,Contract,2025-02-10 14:16:34.101032,Exciting opportunity to work with cutting-edge technologies and solutions.
Machine Learning Engineer,"Chennai, India","Python, TensorFlow, Deep Learning",AI,Wipro,Mid,20+ LPA,Internship,2025-03-12 14:16:34.101038,Looking for a skilled professional with expertise in relevant technologies.
Full Stack Developer,"Mumbai, India","Java, Spring Boot, Microservices",Software,Amazon,Senior,12-20 LPA,Full-time,2025-03-14 14:16:34.101043,We offer great career growth opportunities in a collaborative workspace.
Data Scientist,"Bangalore, India","Python, SQL, Machine Learning",Tech,Infosys,Senior,12-20 LPA,Full-time,2025-03-16 14:16:34.101049,Join our team and work on innovative projects in a dynamic environment.
Software Engineer,"Hyderabad, India","JavaScript, React, Node.js",IT,Google,Mid,20+ LPA,Full-time,2025-02-05 14:16:34.101054,Join our team and work on innovative projects in a dynamic environment.
Data Analyst,"Pune, India","Excel, SQL, Power BI",Finance,Capgemini,Senior,12-20 LPA,Full-time,2025-03-05 14:16:34.101060,We offer great career growth opportunities in a collaborative workspace.
Machine Learning Engineer,"Chennai, India","Python, TensorFlow, Deep Learning",AI,Wipro,Senior,3-6 LPA,Contract,2025-03-13 14:16:34.101065,Exciting opportunity to work with cutting-edge technologies and solutions.
Full Stack Developer,"Mumbai, India","Java, Spring Boot, Microservices",Software,Deloitte,Entry,12-20 LPA,Full-time,2025-02-28 14:16:34.101072,Join our team and work on innovative projects in a dynamic environment.
Data Scientist,"Bangalore, India","Python, SQL, Machine Learning",Tech,Google,Senior,6-12 LPA,Internship,2025-02-22 14:16:34.101081,Exciting opportunity to work with cutting-edge technologies and solutions.
Software Engineer,"Hyderabad, India","JavaScript, React, Node.js",IT,Capgemini,Senior,20+ LPA,Internship,2025-03-26 14:16:34.101091,Join our team and work on innovative projects in a dynamic environment.
Data Analyst,"Pune, India","Excel, SQL, Power BI",Finance,Microsoft,Mid,3-6 LPA,Full-time,2025-02-24 14:16:34.101099,Join our team and work on innovative projects in a dynamic environment.
Machine Learning Engineer,"Chennai, India","Python, TensorFlow, Deep Learning",AI,IBM,Mid,20+ LPA,Full-time,2025-03-05 14:16:34.101107,Seeking an experienced candidate to drive key business initiatives.
Full Stack Developer,"Mumbai, India","Java, Spring Boot, Microservices",Software,TCS,Entry,6-12 LPA,Internship,2025-03-06 14:16:34.101116,Join our team and work on innovative projects in a dynamic environment.
Data Scientist,"Bangalore, India","Python, SQL, Machine Learning",Tech,Deloitte,Senior,6-12 LPA,Internship,2025-02-05 14:16:34.101125,Looking for a skilled professional with expertise in relevant technologies.
Software Engineer,"Hyderabad, India","JavaScript, React, Node.js",IT,Microsoft,Senior,6-12 LPA,Contract,2025-03-03 14:16:34.101135,We offer great career growth opportunities in a collaborative workspace.
Data Analyst,"Pune, India","Excel, SQL, Power BI",Finance,Infosys,Senior,12-20 LPA,Internship,2025-01-29 14:16:34.101144,We offer great career growth opportunities in a collaborative workspace.
Machine Learning Engineer,"Chennai, India","Python, TensorFlow, Deep Learning",AI,Microsoft,Entry,12-20 LPA,Contract,2025-03-06 14:16:34.101153,Exciting opportunity to work with cutting-edge technologies and solutions.
Full Stack Developer,"Mumbai, India","Java, Spring Boot, Microservices",Software,IBM,Entry,20+ LPA,Contract,2025-01-29 14:16:34.101162,Join our team and work on innovative projects in a dynamic environment.
Data Scientist,"Bangalore, India","Python, SQL, Machine Learning",Tech,Infosys,Mid,20+ LPA,Contract,2025-01-29 14:16:34.101172,Looking for a skilled professional with expertise in relevant technologies.
Software Engineer,"Hyderabad, India","JavaScript, React, Node.js",IT,Deloitte,Entry,3-6 LPA,Contract,2025-03-06 14:16:34.101181,Exciting opportunity to work with cutting-edge technologies and solutions.
Data Analyst,"Pune, India","Excel, SQL, Power BI",Finance,IBM,Senior,3-6 LPA,Contract,2025-02-07 14:16:34.101190,Seeking an experienced candidate to drive key business initiatives.
Machine Learning Engineer,"Chennai, India","Python, TensorFlow, Deep Learning",AI,Amazon,Senior,20+ LPA,Full-time,2025-02-04 14:16:34.101199,Exciting opportunity to work with cutting-edge technologies and solutions.
Full Stack Developer,"Mumbai, India","Java, Spring Boot, Microservices",Software,TCS,Entry,12-20 LPA,Internship,2025-02-14 14:16:34.101208,Exciting opportunity to work with cutting-edge technologies and solutions.
Data Scientist,"Bangalore, India","Python, SQL, Machine Learning",Tech,Deloitte,Senior,6-12 LPA,Contract,2025-03-22 14:16:34.101217,Join our team and work on innovative projects in a dynamic environment.
Software Engineer,"Hyderabad, India","JavaScript, React, Node.js",IT,Amazon,Senior,20+ LPA,Internship,2025-03-13 14:16:34.101227,Seeking an experienced candidate to drive key business initiatives.
Data Analyst,"Pune, India","Excel, SQL, Power BI",Finance,Capgemini,Entry,3-6 LPA,Internship,2025-02-02 14:16:34.101236,Exciting opportunity to work with cutting-edge technologies and solutions.
Machine Learning Engineer,"Chennai, India","Python, TensorFlow, Deep Learning",AI,Deloitte,Entry,12-20 LPA,Contract,2025-02-13 14:16:34.101246,Looking for a skilled professional with expertise in relevant technologies.
Full Stack Developer,"Mumbai, India","Java, Spring Boot, Microservices",Software,Capgemini,Senior,20+ LPA,Full-time,2025-02-19 14:16:34.101255,Looking for a skilled professional with expertise in relevant technologies.
Data Scientist,"Bangalore, India","Python, SQL, Machine Learning",Tech,Infosys,Senior,20+ LPA,Contract,2025-02-23 14:16:34.101264,We offer great career growth opportunities in a collaborative workspace.
Software Engineer,"Hyderabad, India","JavaScript, React, Node.js",IT,Amazon,Senior,12-20 LPA,Full-time,2025-03-20 14:16:34.101272,Seeking an experienced candidate to drive key business initiatives.
Data Analyst,"Pune, India","Excel, SQL, Power BI",Finance,TCS,Mid,20+ LPA,Internship,2025-02-03 14:16:34.101279,Seeking an experienced candidate to drive key business initiatives.
Machine Learning Engineer,"Chennai, India","Python, TensorFlow, Deep Learning",AI,IBM,Mid,12-20 LPA,Full-time,2025-02-12 14:16:34.101288,We offer great career growth opportunities in a collaborative workspace.
Full Stack Developer,"Mumbai, India","Java, Spring Boot, Microservices",Software,Accenture,Mid,6-12 LPA,Full-time,2025-02-12 14:16:34.101298,Exciting opportunity to work with cutting-edge technologies and solutions.
Data Scientist,"Bangalore, India","Python, SQL, Machine Learning",Tech,Microsoft,Entry,12-20 LPA,Full-time,2025-03-23 14:16:34.101307,Seeking an experienced candidate to drive key business initiatives.
Software Engineer,"Hyderabad, India","JavaScript, React, Node.js",IT,Google,Mid,12-20 LPA,Internship,2025-02-17 14:16:34.101317,Looking for a skilled professional with expertise in relevant technologies.
Data Analyst,"Pune, India","Excel, SQL, Power BI",Finance,TCS,Entry,12-20 LPA,Internship,2025-03-24 14:16:34.101327,Looking for a skilled professional with expertise in relevant technologies.
Machine Learning Engineer,"Chennai, India","Python, TensorFlow, Deep Learning",AI,Amazon,Entry,20+ LPA,Full-time,2025-03-22 14:16:34.101337,Join our team and work on innovative projects in a dynamic environment.
Full Stack Developer,"Mumbai, India","Java, Spring Boot, Microservices",Software,Accenture,Mid,20+ LPA,Full-time,2025-02-11 14:16:34.101345,Seeking an experienced candidate to drive key business initiatives.
Data Scientist,"Bangalore, India","Python, SQL, Machine Learning",Tech,TCS,Mid,12-20 LPA,Contract,2025-02-24 14:16:34.101354,Exciting opportunity to work with cutting-edge technologies and solutions.
Software Engineer,"Hyderabad, India","JavaScript, React, Node.js",IT,Amazon,Mid,20+ LPA,Full-time,2025-02-04 14:16:34.101363,We offer great career growth opportunities in a collaborative workspace.
Data Analyst,"Pune, India","Excel, SQL, Power BI",Finance,Wipro,Senior,3-6 LPA,Contract,2025-02-26 14:16:34.101371,We offer great career growth opportunities in a collaborative workspace.
Machine Learning Engineer,"Chennai, India","Python, TensorFlow, Deep Learning",AI,Wipro,Mid,3-6 LPA,Full-time,2025-02-09 14:16:34.101381,Exciting opportunity to work with cutting-edge technologies and solutions.
Full Stack Developer,"Mumbai, India","Java, Spring Boot, Microservices",Software,Capgemini,Senior,20+ LPA,Contract,2025-02-21 14:16:34.101390,Join our team and work on innovative projects in a dynamic environment.
Data Scientist,"Bangalore, India","Python, SQL, Machine Learning",Tech,TCS,Entry,20+ LPA,Internship,2025-02-01 14:16:34.101401,We offer great career growth opportunities in a collaborative workspace.
Software Engineer,"Hyderabad, India","JavaScript, React, Node.js",IT,Wipro,Senior,12-20 LPA,Full-time,2025-02-16 14:16:34.101411,Seeking an experienced candidate to drive key business initiatives.
Data Analyst,"Pune, India","Excel, SQL, Power BI",Finance,Amazon,Mid,6-12 LPA,Full-time,2025-02-04 14:16:34.101421,Join our team and work on innovative projects in a dynamic environment.
Machine Learning Engineer,"Chennai, India","Python, TensorFlow, Deep Learning",AI,Capgemini,Entry,20+ LPA,Full-time,2025-03-12 14:16:34.101429,Seeking an experienced candidate to drive key business initiatives.
Full Stack Developer,"Mumbai, India","Java, Spring Boot, Microservices",Software,Amazon,Entry,3-6 LPA,Full-time,2025-03-15 14:16:34.101439,Looking for a skilled professional with expertise in relevant technologies.
Data Scientist,"Bangalore, India","Python, SQL, Machine Learning",Tech,Capgemini,Entry,12-20 LPA,Contract,2025-02-06 14:16:34.101449,Join our team and work on innovative projects in a dynamic environment.
Software Engineer,"Hyderabad, India","JavaScript, React, Node.js",IT,TCS,Senior,20+ LPA,Full-time,2025-02-14 14:16:34.101460,We offer great career growth opportunities in a collaborative workspace.
Data Analyst,"Pune, India","Excel, SQL, Power BI",Finance,Accenture,Mid,3-6 LPA,Internship,2025-02-26 14:16:34.101470,Join our team and work on innovative projects in a dynamic environment.
Machine Learning Engineer,"Chennai, India","Python, TensorFlow, Deep Learning",AI,IBM,Entry,3-6 LPA,Internship,2025-03-09 14:16:34.101479,Join our team and work on innovative projects in a dynamic environment.
Full Stack Developer,"Mumbai, India","Java, Spring Boot, Microservices",Software,Deloitte,Entry,6-12 LPA,Full-time,2025-03-11 14:16:34.101487,Join our team and work on innovative projects in a dynamic environment.
Data Scientist,"Bangalore, India","Python, SQL, Machine Learning",Tech,Accenture,Entry,12-20 LPA,Internship,2025-01-31 14:16:34.101493,Join our team and work on innovative projects in a dynamic environment.
Software Engineer,"Hyderabad, India","JavaScript, React, Node.js",IT,Infosys,Senior,12-20 LPA,Full-time,2025-03-09 14:16:34.101498,Seeking an experienced candidate to drive key business initiatives.
Data Analyst,"Pune, India","Excel, SQL, Power BI",Finance,Amazon,Senior,6-12 LPA,Full-time,2025-02-28 14:16:34.101504,Looking for a skilled professional with expertise in relevant technologies.
Machine Learning Engineer,"Chennai, India","Python, TensorFlow, Deep Learning",AI,Infosys,Mid,6-12 LPA,Internship,2025-01-29 14:16:34.101509,Exciting opportunity to work with cutting-edge technologies and solutions.
Full Stack Developer,"Mumbai, India","Java, Spring Boot, Microservices",Software,Accenture,Senior,12-20 LPA,Full-time,2025-02-01 14:16:34.101515,Join our team and work on innovative projects in a dynamic environment.
Data Scientist,"Bangalore, India","Python, SQL, Machine Learning",Tech,Capgemini,Entry,12-20 LPA,Internship,2025-03-02 14:16:34.101520,We offer great career growth opportunities in a collaborative workspace.
Software Engineer,"Hyderabad, India","JavaScript, React, Node.js",IT,Deloitte,Mid,20+ LPA,Contract,2025-02-19 14:16:34.101526,Join our team and work on innovative projects in a dynamic environment.
Data Analyst,"Pune, India","Excel, SQL, Power BI",Finance,Deloitte,Entry,20+ LPA,Full-time,2025-03-02 14:16:34.101533,We offer great career growth opportunities in a collaborative workspace.
Machine Learning Engineer,"Chennai, India","Python, TensorFlow, Deep Learning",AI,Google,Entry,6-12 LPA,Contract,2025-02-03 14:16:34.101538,Seeking an experienced candidate to drive key business initiatives.
Full Stack Developer,"Mumbai, India","Java, Spring Boot, Microservices",Software,Deloitte,Senior,20+ LPA,Internship,2025-03-05 14:16:34.101544,We offer great career growth opportunities in a collaborative workspace.
Data Scientist,"Bangalore, India","Python, SQL, Machine Learning",Tech,IBM,Mid,3-6 LPA,Contract,2025-03-19 14:16:34.101549,Exciting opportunity to work with cutting-edge technologies and solutions.
Software Engineer,"Hyderabad, India","JavaScript, React, Node.js",IT,Deloitte,Senior,20+ LPA,Contract,2025-03-16 14:16:34.101555,Looking for a skilled professional with expertise in relevant technologies.
Data Analyst,"Pune, India","Excel, SQL, Power BI",Finance,Accenture,Senior,20+ LPA,Internship,2025-02-03 14:16:34.101560,We offer great career growth opportunities in a collaborative workspace.
Machine Learning Engineer,"Chennai, India","Python, TensorFlow, Deep Learning",AI,Google,Mid,3-6 LPA,Contract,2025-03-27 14:16:34.101565,We offer great career growth opportunities in a collaborative workspace.
Full Stack Developer,"Mumbai, India","Java, Spring Boot, Microservices",Software,Accenture,Entry,6-12 LPA,Contract,2025-01-29 14:16:34.101571,Looking for a skilled professional with expertise in relevant technologies.
Data Scientist,"Bangalore, India","Python, SQL, Machine Learning",Tech,Accenture,Entry,3-6 LPA,Internship,2025-01-29 14:16:34.101576,Exciting opportunity to work with cutting-edge technologies and solutions.
Software Engineer,"Hyderabad, India","JavaScript, React, Node.js",IT,Microsoft,Mid,20+ LPA,Contract,2025-03-27 14:16:34.101582,Join our team and work on innovative projects in a dynamic environment.
Data Analyst,"Pune, India","Excel, SQL, Power BI",Finance,Google,Entry,6-12 LPA,Internship,2025-02-09 14:16:34.101587,We offer great career growth opportunities in a collaborative workspace.
Machine Learning Engineer,"Chennai, India","Python, TensorFlow, Deep Learning",AI,Accenture,Mid,20+ LPA,Contract,2025-02-22 14:16:34.101593,Looking for a skilled professional with expertise in relevant technologies.
Full Stack Developer,"Mumbai, India","Java, Spring Boot, Microservices",Software,Microsoft,Mid,3-6 LPA,Internship,2025-02-24 14:16:34.101598,Seeking an experienced candidate to drive key business initiatives.
Data Scientist,"Bangalore, India","Python, SQL, Machine Learning",Tech,Microsoft,Senior,3-6 LPA,Internship,2025-02-02 14:16:34.101604,Looking for a skilled professional with expertise in relevant technologies.
Software Engineer,"Hyderabad, India","JavaScript, React, Node.js",IT,Google,Mid,20+ LPA,Contract,2025-02-08 14:16:34.101609,Seeking an experienced candidate to drive key business initiatives.
Data Analyst,"Pune, India","Excel, SQL, Power BI",Finance,Infosys,Senior,12-20 LPA,Contract,2025-03-03 14:16:34.101614,Exciting opportunity to work with cutting-edge technologies and solutions.
Machine Learning Engineer,"Chennai, India","Python, TensorFlow, Deep Learning",AI,Capgemini,Entry,12-20 LPA,Contract,2025-02-16 14:16:34.101625,Join our team and work on innovative projects in a dynamic environment.
Full Stack Developer,"Mumbai, India","Java, Spring Boot, Microservices",Software,IBM,Entry,3-6 LPA,Full-time,2025-02-11 14:16:34.101631,Looking for a skilled professional with expertise in relevant technologies.
Data Scientist,"Bangalore, India","Python, SQL, Machine Learning",Tech,Capgemini,Entry,3-6 LPA,Full-time,2025-02-03 14:16:34.101636,We offer great career growth opportunities in a collaborative workspace.
Software Engineer,"Hyderabad, India","JavaScript, React, Node.js",IT,Deloitte,Entry,12-20 LPA,Full-time,2025-03-27 14:16:34.101642,Exciting opportunity to work with cutting-edge technologies and solutions.
Data Analyst,"Pune, India","Excel, SQL, Power BI",Finance,IBM,Senior,12-20 LPA,Internship,2025-03-12 14:16:34.101647,Looking for a skilled professional with expertise in relevant technologies.
Machine Learning Engineer,"Chennai, India","Python, TensorFlow, Deep Learning",AI,Deloitte,Entry,20+ LPA,Contract,2025-02-17 14:16:34.101653,We offer great career growth opportunities in a collaborative workspace.
Full Stack Developer,"Mumbai, India","Java, Spring Boot, Microservices",Software,Accenture,Mid,20+ LPA,Internship,2025-03-23 14:16:34.101658,Looking for a skilled professional with expertise in relevant technologies.
